"Reference","Qty","Value","DNP","Exclude from BOM","Exclude from Board","Footprint","Datasheet","Description_1","Digikey","MANUFACTURER","Part number","Description","#"
"C1;C2;C3;C5;C6","5","100n","","","","Capacitor_SMD:C_1206_3216Metric_Pad1.33x1.80mm_HandSolder","~","","","","","Unpolarized capacitor","1"
"C4;C10;C20","3","1u","","","","Capacitor_SMD:C_1206_3216Metric_Pad1.33x1.80mm_HandSolder","~","","","","","Unpolarized capacitor","2"
"C7","1","4.7u","","","","Capacitor_SMD:C_1206_3216Metric_Pad1.33x1.80mm_HandSolder","~","","","","","Unpolarized capacitor","3"
"C8;C9","2","2.2u","","","","Capacitor_SMD:C_1206_3216Metric_Pad1.33x1.80mm_HandSolder","~","","","","","Unpolarized capacitor","4"
"C11","1","10u","","","","Librairie_footprint:CAP_MU_15750_RUB-L","~","","","","","Unpolarized capacitor","5"
"C12","1","100nF","","","","Capacitor_SMD:C_1206_3216Metric_Pad1.33x1.80mm_HandSolder","~","","","","","Unpolarized capacitor","6"
"C13","1","1uF","","","","Capacitor_SMD:C_1206_3216Metric_Pad1.33x1.80mm_HandSolder","~","","","","","Unpolarized capacitor","7"
"C14;C15","2","22pF","","","","Capacitor_SMD:C_1206_3216Metric_Pad1.33x1.80mm_HandSolder","~","","","","","Unpolarized capacitor","8"
"C16","1","0.1u","","","","Capacitor_SMD:C_1206_3216Metric_Pad1.33x1.80mm_HandSolder","~","","","","","Unpolarized capacitor","9"
"C17","1","1n","","","","Capacitor_SMD:C_1206_3216Metric_Pad1.33x1.80mm_HandSolder","~","","","","","Unpolarized capacitor","10"
"C18","1","10u","","","","Capacitor_SMD:C_1206_3216Metric_Pad1.33x1.80mm_HandSolder","~","","","","","Unpolarized capacitor","11"
"C19","1","22u","","","","Capacitor_SMD:C_1206_3216Metric_Pad1.33x1.80mm_HandSolder","~","","","","","Unpolarized capacitor","12"
"C21","1","22u","","","","Resistor_SMD:R_0805_2012Metric","~","","","","","Unpolarized capacitor","13"
"D1;D2","2","599-0410-127F","","","","Diode_SMD:D_1206_3216Metric_Pad1.42x1.75mm_HandSolder","~","","https://www.digikey.ca/en/products/detail/dialight/599-0410-127F/21710495","","","Light emitting diode","14"
"DZ1","1","SZMMSZ4679T1G","","","","Diode_SMD:D_SOD-123","https://www.digikey.ca/en/products/detail/onsemi/SZMMSZ4679T1G/5404986?s=N4IgTCBcDaIMoC0CyTEBYBsB2AnAFQEYBxAeTgGE8BaAOQBEQBdAXyA","","SZMMSZ4679T1GOSCT-ND","","","18V, 500mW, 5%, Zener diode, MiniMELF","15"
"GND1;GND2;RX1;SCL1;SDA1;TX1","6","TestPoint","","","","TestPoint:TestPoint_THTPad_2.0x2.0mm_Drill1.0mm","~","","","","","test point","16"
"J1","1","Conn_01x05_Socket","","","","Connector_PinHeader_2.54mm:PinHeader_1x05_P2.54mm_Vertical","~","","","","","","17"
"J2","1","Conn_01x06_Socket","","","","Connector_PinHeader_2.54mm:PinHeader_1x06_P2.54mm_Horizontal","~","","","","","Generic connector, single row, 01x06, script generated","18"
"J3;J4;J5;J6;J7","5","Conn_01x03_Socket","","","","Connector_PinHeader_2.54mm:PinHeader_1x03_P2.54mm_Horizontal","~","","","","","Generic connector, single row, 01x03, script generated","19"
"J8","1","XT60PW-M","","","","Connector_AMASS:AMASS_XT60-F_1x02_P7.20mm_Vertical","","Socket, DC supply, male, PIN: 2","","AMASS","","","20"
"J9","1","XT60PW-F","","","","Librairie_footprint:AMASS_XT60PW-F","","Connector: DC supply; socket; female; XT60; 30A; 500V; PIN: 2; THT","","AMASS","","","21"
"J10","1","XT60PW-M","","","","Librairie_footprint:AMASS_XT60PW-M","","Socket, DC supply, male, PIN: 2","","AMASS","","","22"
"J11;J12","2","Conn_01x02_Pin","","","","Librairie_footprint:MTA_100_2pos","~","","","","","Generic connector, single row, 01x02, script generated","23"
"PWR_R1","1","100k","","","","Resistor_SMD:R_1206_3216Metric_Pad1.30x1.75mm_HandSolder","https://www.digikey.ca/en/products/detail/vishay-dale/CRCW1206100KFKEAHP/2222454","","  541-100KUTR-ND","","","","24"
"Q2","1","DSS20200L-7-PNP","","","","Package_TO_SOT_SMD:SOT-23-3","https://www.diodes.com/assets/Datasheets/ds31604.pdf","","https://www.digikey.ca/en/products/detail/diodes-incorporated/DSS20200L-7/2044514","","","Bipolar transistor symbol for simulation only, substrate tied to the emitter","25"
"Q3","1","IKD15N60R","","","","Package_TO_SOT_SMD:TO-252-2","https://www.infineon.com/assets/row/public/documents/60/49/infineon-ikd15n60r-ds-en.pdf?fileId=db3a30433c5c92fb013c5e03026003b2","","https://www.digikey.ca/en/products/detail/infineon-technologies/IKD15N60RATMA1/6131387","","","N-IGBT transistor, collector/emitter/gate","26"
"Q4","1","NPN-DSS20201L-7","","","","Package_TO_SOT_SMD:SOT-23","https://www.diodes.com/assets/Datasheets/ds31605.pdf","","https://www.digikey.ca/en/products/detail/diodes-incorporated/DSS20201L-7/2044515","","","Bipolar transistor symbol for simulation only, substrate tied to the emitter","27"
"Q5","1","NTR4101PT1G","","","","Package_TO_SOT_SMD:SOT-23-3","https://www.digikey.ca/en/products/detail/onsemi/NTR4101PT1G/687096?s=N4IgTCBcDaIHIBUBKAWAjABjQBQWg4gPIDKAwggLRwAiIAugL5A","","NTR4101PT1GOSCT-ND","","","P-MOSFET transistor, drain/source/gate","28"
"R1;R15","2","40","","","","Resistor_SMD:R_1206_3216Metric_Pad1.30x1.75mm_HandSolder","~","","","","","Resistor","29"
"R2;R3","2","10K","","","","Resistor_SMD:R_1206_3216Metric_Pad1.30x1.75mm_HandSolder","~","","","","","Resistor","30"
"R4","1","1K","","","","Resistor_SMD:R_1206_3216Metric_Pad1.30x1.75mm_HandSolder","~","","","","","Resistor","31"
"R5","1","1k","","","","Resistor_SMD:R_1206_3216Metric_Pad1.30x1.75mm_HandSolder","~","","","","","Resistor","32"
"R6;R8;R11;R13;R14;R17;R20","7","10k","","","","Resistor_SMD:R_1206_3216Metric_Pad1.30x1.75mm_HandSolder","~","","","","","Resistor","33"
"R7;R10","2","1k5","","","","Resistor_SMD:R_1206_3216Metric_Pad1.30x1.75mm_HandSolder","~","","","","","Resistor","34"
"R9","1","20k","","","","Resistor_SMD:R_1206_3216Metric_Pad1.30x1.75mm_HandSolder","~","","","","","Resistor","35"
"R12;R16;R18","3","30k","","","","Resistor_SMD:R_1206_3216Metric_Pad1.30x1.75mm_HandSolder","~","","","","","Resistor","36"
"R19","1","40k","","","","Resistor_SMD:R_1206_3216Metric_Pad1.30x1.75mm_HandSolder","~","","","","","Resistor","37"
"U1","1","STM32F429VITx","","","","Package_QFP:LQFP-100_14x14mm_P0.5mm","https://www.st.com/resource/en/datasheet/stm32f429vi.pdf","","","","","STMicroelectronics Arm Cortex-M4 MCU, 2048KB flash, 256KB RAM, 180 MHz, 1.8-3.6V, 82 GPIO, LQFP100","38"
"U2","1","BNO055","","","","Librairie_footprint:BNO055_LGA28R50P4X10_380X520X100","","","","BOSCH","","","39"
"U3","1","Current_sens_ACS712ELCTR-20A-T","","","","Librairie_footprint:Current_sens_SOIC127P600X175-8N","","","","","","","40"
"U4","1","AZ1117CH-3.3TRG1","","","","Librairie_footprint:AZ1117CH_3_3TRG1-L","AZ1117CH-3.3TRG1","","","","","","41"
"U5;U6","2","LMC6482AIMX/NOPB","","","","Librairie_footprint:SOIC127P599X175-8N","http://www.ti.com/lit/ds/symlink/lmc6482.pdf","","https://www.digikey.ca/en/products/detail/texas-instruments/LMC6482AIMX-NOPB/3440139","","LMC6482AIMX/NOPBCT-ND","IC CMOS 2 CIRCUIT 8SOIC","42"
"Y1","1","ABS07-32.768KHZ-T","","","","Librairie_footprint:XTAL_ABS07-32.768KHZ-T","","","","Abracon","","","43"
